Distinct_Tags, Email, Job_Role, Name
this_purpose_determine_assigned, Email: john.doe@example.com, Job Role: HSE Coordinator, Name: John Doe
name_investigators_25th_july, Email: sarah.johnson@example.com, Job Role: HSE Investigator, Name: Sarah Johnson
more_delays_confusion_designated, Email: mark.smith@example.com, Job Role: HSE Planning Manager, Name: Mark Smith
impeding_failed_early_activate, Email: laura.wilson@example.com, Job Role: HSE Safety Specialist, Name: Laura Wilson
establish_schedule_conducting_standards, Email: alex.miller@example.com, Job Role: HSE Compliance Officer, Name: Alex Miller
originated_determined_floor_established, Email: emma.jones@example.com, Job Role: HSE Site Inspector, Name: Emma Jones
team_scene_responded_dispatching, Email: mike.brown@example.com, Job Role: HSE Emergency Response Coordinator, Name: Mike Brown
escalated_maintain_aided_inadvertently, Email: julia.robinson@example.com, Job Role: HSE Crisis Management Specialist, Name: Julia Robinson
aforementioned_properties_future_throughout, Email: kevin.white@example.com, Job Role: HSE Risk Assessment Analyst, Name: Kevin White
made_recommendations_following_based, Email: lisa.davis@example.com, Job Role: HSE Consultant, Name: Lisa Davis
perform_inspection_regulations_doors, Email: andrew.hall@example.com, Job Role: HSE Compliance Inspector, Name: Andrew Hall
casualties_individuals_degrees_varying, Email: anna.thompson@example.com, Job Role: HSE Incident Investigator, Name: Anna Thompson
source_into_ascertain_specialists, Email: patrick.wright@example.com, Job Role: HSE Subject Matter Expert, Name: Patrick Wright
location_summary_executive_date, Email: michelle.carter@example.com, Job Role: HSE Location Analyst, Name: Michelle Carter
reporting_calls_received_approximately, Email: ryan.evans@example.com, Job Role: HSE Communication Coordinator, Name: Ryan Evans
made_following_based_recommendations, Email: amy.lewis@example.com, Job Role: HSE Recommendations Officer, Name: Amy Lewis
dissemination_communication_collaborate_information, Email: robert.taylor@example.com, Job Role: HSE Information Specialist, Name: Robert Taylor
question_calls_reporting_residential, Email: jennifer.morris@example.com, Job Role: HSE Residential Safety Officer, Name: Jennifer Morris
crews_ladder_blaze_teams, Email: charles.hughes@example.com, Job Role: HSE Fire Safety Coordinator, Name: Charles Hughes
into_specialists_detailed_involving, Email: elizabeth.rogers@example.com, Job Role: HSE Compliance Analyst, Name: Elizabeth Rogers
suggest_equipped_forklift_preliminary, Email: richard.scott@example.com, Job Role: HSE Forklift Safety Specialist, Name: Richard Scott
adequately_properly_supervision_did, Email: melissa.kelly@example.com, Job Role: HSE Supervision Officer, Name: Melissa Kelly
summary_location_executive_avenue, Email: george.cook@example.com, Job Role: HSE Executive Coordinator, Name: George Cook
varying_degrees_hospitals_fatalities, Email: cynthia.turner@example.com, Job Role: HSE Incident Severity Analyst, Name: Cynthia Turner
has_shed_light_severity, Email: timothy.bailey@example.com, Job Role: HSE Incident Reporting Analyst, Name: Timothy Bailey
comprehensive_sites_functional_features, Email: samantha.murphy@example.com, Job Role: HSE Site Assessment Specialist, Name: Samantha Murphy
sources_flammable_misuse_malfunction, Email: william.allen@example.com, Job Role: HSE Flammable Materials Inspector, Name: William Allen
preparedness_emergencies_them_familiarize, Email: ashley.cooper@example.com, Job Role: HSE Emergency Preparedness Officer, Name: Ashley Cooper
wellmaintained_fully_functional_comprehensive, Email: nathan.bennett@example.com, Job Role: HSE Facility Maintenance Coordinator, Name: Nathan Bennett
documents_undergone_standard_records, Email: olivia.ward@example.com, Job Role: HSE Record Keeping Specialist, Name: Olivia Ward
compartmentalization_fireresistant_between_barriers, Email: daniel.morgan@example.com, Job Role: HSE Fire Safety Engineer, Name: Daniel Morgan
tragically_result_reported_fatality, Email: christina.roberts@example.com, Job Role: HSE Fatality Investigator, Name: Christina Roberts
between_release_explosions_chemicals, Email: benjamin.hill@example.com, Job Role: HSE Hazardous Materials Specialist, Name: Benjamin Hill
undergone_doors_standard_discrepancies, Email: isabella.james@example.com, Job Role: HSE Door Safety Inspector, Name: Isabella James
broke_out_18th_block, Email: matthew.evans@example.com, Job Role: HSE Fire Incident Officer, Name: Matthew Evans
malfunctions_light_shed_numerous, Email: victoria.king@example.com, Job Role: HSE Electrical Safety Specialist, Name: Victoria King
he_his_direct_suffered, Email: christopher.scott@example.com, Job Role: HSE Health & Safety Coordinator, Name: Christopher Scott
properties_regulatory_recommend_essential, Email: hannah.miller@example.com, Job Role: HSE Regulatory Compliance Specialist, Name: Hannah Miller
standards_schedule_establish_conducting, Email: james.carter@example.com, Job Role: HSE Standards Officer, Name: James Carter
perform_inspection_utilization_ladders, Email: sophia.wilson@example.com, Job Role: HSE Ladder Safety Inspector, Name: Sophia Wilson
wellmaintained_functional_fully_comprehensive, Email: jackson.anderson@example.com, Job Role: HSE Facilities Management Specialist, Name: Jackson Anderson
highway_86_truck_driver, Email: emily.robertson@example.com, Job Role: HSE Transportation Safety Officer, Name: Emily Robertson
accidents_risk_reduce_structures, Email: jacob.brown@example.com, Job Role: HSE Structural Safety Specialist, Name: Jacob Brown
food_products_refrigeration_contamination, Email: mia.johnson@example.com, Job Role: HSE Food Safety Inspector, Name: Mia Johnson
implement_operations_programs_them, Email: ethan.williams@example.com, Job Role: HSE Operations Manager, Name: Ethan Williams
dissemination_communication_collaborate_information, Email: abigail.taylor@example.com, Job Role: HSE Communication Coordinator, Name: Abigail Taylor
location_summary_executive_taylor, Email: dylan.white@example.com, Job Role: HSE Executive Analyst, Name: Dylan White
dissemination_communication_collaborate_information, Email: madison.lee@example.com, Job Role: HSE Communication Specialist, Name: Madison Lee
related_discrepancies_evident_had, Email: harper.green@example.com, Job Role: HSE Discrepancy Analyst, Name: Harper Green
caused_cranes_well_stored, Email: carter.jones@example.com, Job Role: HSE Crane Safety Inspector, Name: Carter Jones
highrise_regulatory_collaboration_recommend, Email: penelope.smith@example.com, Job Role: HSE High-Rise Safety Specialist, Name: Penelope Smith
emergencies_preparedness_them_familiarize, Email: logan.hall@example.com, Job Role: HSE Emergency Preparedness Officer, Name: Logan Hall
emergencies_preparedness_familiarize_them, Email: chloe.davis@example.com, Job Role: HSE Emergency Preparedness Specialist, Name: Chloe Davis
checks_shed_light_has, Email: gabriel.wilson@example.com, Job Role: HSE Incident Inspection Officer, Name: Gabriel Wilson
no_fortunately_fatalities_thankfully, Email: mia.thompson@example.com, Job Role: HSE Incident Safety Coordinator, Name: Mia Thompson
sprinkler_suppression_wellmaintained_fully, Email: lucas.james@example.com, Job Role: HSE Fire Suppression Specialist, Name: Lucas James
heating_flammable_one_originated, Email: grace.harris@example.com, Job Role: HSE Flammable Materials Specialist, Name: Grace Harris
rails_guard_regulations_material, Email: zachary.brown@example.com, Job Role: HSE Material Safety Inspector, Name: Zachary Brown
york_new_storm_chicago, Email: annabelle.miller@example.com, Job Role: HSE Storm Preparedness Specialist, Name: Annabelle Miller
requirements_conclusively_legal_notified, Email: noah.hughes@example.com, Job Role: HSE Legal Compliance Officer, Name: Noah Hughes
standard_up_inspections_undergone, Email: elijah.rogers@example.com, Job Role: HSE Inspection Coordinator, Name: Elijah Rogers
based_made_recommendations_following, Email: sophie.king@example.com, Job Role: HSE Recommendations Analyst, Name: Sophie King
dissemination_communication_collaborate_information, Email: aiden.ward@example.com, Job Role: HSE Communication Coordinator, Name: Aiden Ward
food_supermarkets_monitoring_temperature, Email: leah.bennett@example.com, Job Role: HSE Supermarket Safety Inspector, Name: Leah Bennett
failure_specifically_collapse_structures, Email: elias.cooper@example.com, Job Role: HSE Structural Failure Analyst, Name: Elias Cooper
mr_treatment_transported_hospitals, Email: mia.murphy@example.com, Job Role: HSE Medical Transport Coordinator, Name: Mia Murphy
additional_emergencies_preparedness_familiarize, Email: jackson.jenkins@example.com, Job Role: HSE Emergency Preparedness Specialist, Name: Jackson Jenkins
surfaces_local_refineries_infrastructure, Email: avery.morgan@example.com, Job Role: HSE Infrastructure Safety Specialist, Name: Avery Morgan
accidentprone_advanced_speeding_install, Email: chloe.robertson@example.com, Job Role: HSE Accident Prevention Specialist, Name: Chloe Robertson
